<PAMDataset>
  <PAMRasterBand band="1">
    <Description>Population Count</Description>
    <Histograms>
      <HistItem>
        <HistMin>-9.530459948391142</HistMin>
        <HistMax>5113.468171131228</HistMax>
        <BucketCount>256</BucketCount>
        <IncludeOutOfRange>1</IncludeOutOfRange>
        <Approximate>0</Approximate>
        <HistCounts>2332906|550231|64838|37452|5199|6792|1089|2307|168|159|9|0|0|0|153|323|0|0|0|317|0|0|0|0|0|0|0|0|0|0|0|0|0|0|0|0|0|0|0|0|0|0|0|0|0|0|0|0|0|0|0|0|0|0|200|0|0|0|0|0|0|0|0|0|0|0|0|0|0|0|0|0|0|0|0|0|0|0|0|0|0|0|0|0|0|0|0|0|0|0|0|0|0|0|0|0|0|0|0|0|0|0|0|0|0|0|0|0|0|0|0|0|0|0|0|0|0|0|0|0|0|0|0|0|0|0|0|0|0|0|0|0|0|0|0|0|0|0|0|0|0|0|0|0|0|0|0|0|0|0|0|0|0|0|0|0|0|0|0|0|0|0|0|0|0|0|0|0|0|0|0|0|0|0|0|0|0|0|0|0|0|0|0|0|0|0|0|0|0|0|0|0|0|0|0|0|0|0|0|0|0|0|0|0|0|0|0|0|0|0|0|0|0|0|0|0|0|0|0|0|0|0|0|0|0|0|0|0|0|0|0|0|0|0|0|0|0|0|0|0|0|0|0|0|0|0|0|0|0|0|0|0|0|0|0|3</HistCounts>
      </HistItem>
    </Histograms>
    <Metadata>
      <MDI key="STATISTICS_MAXIMUM">5103.4623144299</MDI>
      <MDI key="STATISTICS_MEAN">9.497772411731</MDI>
      <MDI key="STATISTICS_MINIMUM">0.47539675293624</MDI>
      <MDI key="STATISTICS_STDDEV">16.280701910677</MDI>
    </Metadata>
  </PAMRasterBand>
</PAMDataset>
